location_slug,location_name,publish,rank,venue_name,venue_url,venue_note,venue_image,venue_image_url,source_note
devon,Devon,1,1,Ash Barton Estate,https://www.ashbarton.com/,"A relaxed North Devon estate venue from the homepage list, suited to full-day weddings and party-style celebrations.",assets/img/locations/venues/ash-barton-estate.webp,https://www.ashbarton.com/media/3589/7r305051.jpg?anchor=center&mode=crop&width=800&height=500&rnd=132804128630000000,"Curated local candidate. Check venue suitability, availability and image rights before setting publish=1."
devon,Devon,1,2,Harbour Hotel Salcombe,https://www.harbourhotels.co.uk/our-hotels/devon/harbour-hotel-salcombe/celebrations-events/weddings,"A waterside Salcombe venue from the homepage list, useful for coastal Devon weddings.",assets/img/locations/venues/harbour-hotel-salcombe.webp,https://media-prod.harbourhotels.co.uk/hhweb-prod-media/media/5nqcev5c/salcombe-harbour-hotel-weddings0.jpg?w=1440&h=1260&g=0.5x0.5&fit=cover&q=85,"Curated local candidate. Check venue suitability, availability and image rights before setting publish=1."
devon,Devon,1,3,Budleigh Salterton,https://www.theholtbarandterrace.co.uk/,"A Plymouth venue from the homepage list, suited to larger functions, private events and evening parties.",assets/img/locations/venues/devon-budleigh-salterton.webp,https://static.wixstatic.com/media/3b8c90_2ad66aa19a5742bd870e52c9c0d28ec1~mv2.png,"Curated local candidate. Check venue suitability, availability and image rights before setting publish=1."
cornwall,Cornwall,1,1,Launcells Barton,https://launcellsbarton.co.uk/," Situated in the stunning Devon countryside, high above the Otter Valley looking out to sea - we are open for food, drinks and private hire. We look forward to welcoming you.",assets/img/locations/venues/launcells-barton.webp,https://launcellsbarton.co.uk/wp-content/uploads/2025/08/IsobelIsaac-020825-202.jpg,"Curated local candidate. Check venue suitability, availability and image rights before setting publish=1."
cornwall,Cornwall,1,2,Polhawn Fort,https://polhawnfort.com/,"A dramatic coastal fort venue from the homepage list, close to the Rame Peninsula and South East Cornwall.",assets/img/locations/venues/polhawn-fort.webp,https://static.showit.co/1200/k98gmyHGDAVZxPIm8RFySA/267855/polhawn_with_sun_on_main_face.jpg,"Curated local candidate. Check venue suitability, availability and image rights before setting publish=1."
cornwall,Cornwall,1,3,Boconnoc,https://boconnoc.com/weddings-cornwall/,"A private Cornish estate from the homepage list, with house, church and grounds.",assets/img/locations/venues/boconnoc.webp,https://boconnoc.com/wp-content/uploads/2023/07/Boconnoc-14-59-35-1L1A3458-DT.jpg,"Curated local candidate. Check venue suitability, availability and image rights before setting publish=1."
dorset,Dorset,1,1,Mapperton House,https://mapperton.com/weddings/,"A country-house and garden venue from the homepage list, useful for Dorset wedding inspiration.",assets/img/locations/venues/mapperton-house.webp,https://mapperton.com/wp-content/uploads/2022/03/the-gardens-mapperton-dorset-wedding-venue-photo-by-paul-underhill-photography.jpg,"Curated local candidate. Check venue suitability, availability and image rights before setting publish=1."
dorset,Dorset,1,2,Sopley Mill,https://www.sopleymill.co.uk/weddings/,A riverside mill venue near Christchurch with rustic character.,assets/img/locations/venues/sopley-mill.webp,https://sopleymill.co.uk/wp-content/uploads/2024/09/weddings-featured.jpg,"Curated local candidate. Check venue suitability, availability and image rights before setting publish=1."
dorset,Dorset,1,3,The Italian Villa,https://www.theitalianvilla.co.uk/wedding-venue-dorset,A Poole wedding venue set within Compton Acres gardens.,assets/img/locations/venues/dorset-the-italian-villa.webp,https://www.theitalianvilla.co.uk/image/august-chloe-palmer.jpg?size=950&constrain=5x4&quality=80,"Curated local candidate. Check venue suitability, availability and image rights before setting publish=1."
somerset,Somerset,1,1,Brympton House,https://www.brymptonhouse.co.uk/,"A Somerset country-house venue from the homepage list, close to Yeovil.",assets/img/locations/venues/somerset-brympton-house.webp,"https://static.wixstatic.com/media/b3eb01_55377678526a4f27a7626127b86e1945~mv2.jpg/v1/fill/w_1800,h_921,al_c,q_85,enc_auto/b3eb01_55377678526a4f27a7626127b86e1945~mv2.jpg","Curated local candidate. Check venue suitability, availability and image rights before setting publish=1."
somerset,Somerset,1,2,Pennard House,https://www.pennardhouse.com/weddings/,A country-house wedding venue near Shepton Mallet and Wells.,assets/img/locations/venues/pennard-house.webp,https://pennardhouse.com/wp-content/uploads/2023/12/HarrietandDom022.jpg,"Curated local candidate. Check venue suitability, availability and image rights before setting publish=1."
somerset,Somerset,1,3,Orchardleigh Estate,https://orchardleigh.net/weddings/,A large private estate near Frome with ceremony and accommodation options.,assets/img/locations/venues/orchardleigh-estate.webp,"https://static.wixstatic.com/media/3da331_2b549e8d17f34f029bc079cac8c926de%7Emv2.jpeg/v1/fit/w_2500,h_1330,al_c/3da331_2b549e8d17f34f029bc079cac8c926de%7Emv2.jpeg","Curated local candidate. Check venue suitability, availability and image rights before setting publish=1."
bristol,Bristol,1,1,Paintworks Events Space,https://paintworksevents.co.uk/weddings/,A flexible Bristol events space with industrial character.,assets/img/locations/venues/paintworks-events-space.webp,https://www.paintworksevents.co.uk/fileadmin/_processed_/4/6/csm_Gina_Fernandes_Photography_0578_82a4c2e54e.jpg,"Curated local candidate. Check venue suitability, availability and image rights before setting publish=1."
bristol,Bristol,1,2,Ashton Court Estate,https://ashtoncourtmansion.org/hire/weddings,"A local venue option for weddings, parties and private events in Bristol: Ashton Court Estate.",assets/img/locations/venues/bristol-ashton-court-estate.webp,"https://assets.simpleviewinc.com/simpleview/image/upload/c_fill,h_500,q_75,w_815/v1/clients/bristol/Bristol_header_image_4__a67aaf0e-b751-4eea-8773-92d47aaa0a57.jpg","CSV candidate. Check venue suitability, availability and image rights before setting publish=1."
bristol,Bristol,1,3,Bristol Harbour Hotel,https://www.harbourhotels.co.uk/bristol/weddings,A city-centre hotel venue with polished reception spaces.,assets/img/locations/venues/bristol-harbour-hotel.webp,https://www.thetravelmagazine.net/wp-content/uploads/Bristol-Harbour-Hotel-Exterior.jpg,"Curated local candidate. Check venue suitability, availability and image rights before setting publish=1."
plymouth,Plymouth,1,1,Boringdon Hall Hotel and Spa,https://boringdonhall.co.uk/weddings/,A luxury historic manor house on the edge of Plymouth with elegant interiors.,assets/img/locations/venues/boringdon-hall-hotel-and-spa.webp,https://hotelcms-production.imgix.net/boringdonhall.co.uk/wp-content/uploads/2019/10/KayeandRussell-464-1024x683.jpg,"Curated local candidate. Check venue suitability, availability and image rights before setting publish=1."
plymouth,Plymouth,1,2,St Elizabeth's House,https://stelizabeths.co.uk/weddings/,"A Georgian country-house wedding venue in Plympton, close to Plymouth.",assets/img/locations/venues/st-elizabeth-s-house.webp,https://images.squarespace-cdn.com/content/v1/697b55ed22870c20c2dd6e6c/f03f571d-9695-4d7d-a077-4b95fc7a9ee8/st-elizabeths-house-winter-weddings-devon-83.jpg,"Curated local candidate. Check venue suitability, availability and image rights before setting publish=1."
plymouth,Plymouth,1,3,Home Park Stadium,https://www.pafc.co.uk/venue/events,"A Plymouth event venue suited to larger celebrations, parties and corporate events.",assets/img/locations/venues/plymouth-home-park-stadium.webp,not found,"Curated local candidate. Check venue suitability, availability and image rights before setting publish=1."
exeter,Exeter,1,1,Rockbeare Manor,https://www.rockbearemanor.co.uk/weddings/,A refined manor-house wedding venue close to Exeter.,assets/img/locations/venues/rockbeare-manor.webp,https://lirp.cdn-website.com/9834031d/dms3rep/multi/opt/Wedding+venue+in+Devon+Rockbeare+Manor+%2814%29-640w.jpg,"Curated local candidate. Check venue suitability, availability and image rights before setting publish=1."
exeter,Exeter,1,2,Deer Park Country House,https://www.deerparkcountryhotel.co.uk/weddings/,A country-house venue near Honiton and Exeter with grounds and accommodation.,assets/img/locations/venues/deer-park-country-house.webp,https://images.squarespace-cdn.com/content/v1/5d401ac0c2cec00001275301/1565874510348-W7AT3KAQJ4YM8Q8OA9PN/Deer+Park+Gardens-128.jpg,"Curated local candidate. Check venue suitability, availability and image rights before setting publish=1."
exeter,Exeter,1,3,Reed Hall,https://event.exeter.ac.uk/reed-hall,A landscaped Exeter venue on the University of Exeter campus.,assets/img/locations/venues/exeter-reed-hall.webp,https://event.exeter.ac.uk/storage/536/Reed-Hall-entrance_opt-(1).jpg,"Curated local candidate. Check venue suitability, availability and image rights before setting publish=1."
torquay,Torquay,1,1,The Imperial Torquay,https://www.theimperialtorquay.co.uk/weddings/,A seafront Torquay hotel venue with bay views.,assets/img/locations/venues/the-imperial-torquay.webp,https://theimperialtorquay.co.uk/wp-content/uploads/sites/11/2026/01/IMT-Exterior-03-1000px.jpg,"Curated local candidate. Check venue suitability, availability and image rights before setting publish=1."
torquay,Torquay,1,2,Torre Abbey,https://www.torre-abbey.org.uk/more/weddings/,A historic Torquay venue with gardens and characterful spaces.,assets/img/locations/venues/torquay-torre-abbey.webp,https://www.torre-abbey.org.uk/media/1855/wedding1.jpg?width=800&height=270&rnd=134068401601470000,"Curated local candidate. Check venue suitability, availability and image rights before setting publish=1."
torquay,Torquay,1,3,The Grand Hotel,https://richardsonhotels.co.uk/the-grand-hotel/weddings,A landmark Torquay hotel suited to classic seaside weddings.,assets/img/locations/venues/torquay-the-grand-hotel.webp,https://richardsonhotels.co.uk/render-img/page/sections/hero/zmOcSY6mLWPbyseZ1g8VbbOhqkHn3jyCpxkBuHu6.jpg?w=1920&fm=webp&s=9e7f982545a8cb579c65ab055f70785b,"Curated local candidate. Check venue suitability, availability and image rights before setting publish=1."
paignton,Paignton,1,1,The Palace Hotel Paignton,https://www.palacepaignton.com/weddings/,A seafront Paignton hotel venue with classic coastal character.,assets/img/locations/venues/the-palace-hotel-paignton.webp,https://palacepaignton.com/wp-content/uploads/2021/06/Weddings-and-events-Palace-Hotel-Paignton-scaled.jpg,"Curated local candidate. Check venue suitability, availability and image rights before setting publish=1."
paignton,Paignton,1,2,Churston Court,https://churstoncourt.com/wedding-venue/,A historic manor-style venue between Paignton and Brixham.,assets/img/locations/venues/paignton-churston-court.webp,https://churstoncourt.com/app/uploads/2024/11/vickie-and-liam_2048_x_1365_351.jpg,"Curated local candidate. Check venue suitability, availability and image rights before setting publish=1."
paignton,Paignton,1,3,Lupton House,https://www.luptonhouse.org/weddings,A country-house venue near Brixham and Paignton.,assets/img/locations/venues/paignton-lupton-house.webp,not found,"Curated local candidate. Check venue suitability, availability and image rights before setting publish=1."
newton-abbot,Newton Abbot,1,1,Bickley Mill,https://www.bickleymill.co.uk/weddings/,A South Devon mill venue close to Newton Abbot.,assets/img/locations/venues/bickley-mill.webp,https://www.bickleymill.co.uk/wp-content/uploads/2026/02/14.jpg,"Curated local candidate. Check venue suitability, availability and image rights before setting publish=1."
newton-abbot,Newton Abbot,1,2,ANRÁN,https://www.anran.co.uk/weddings/,A boutique rural venue near Ashburton and Newton Abbot.,assets/img/locations/venues/newton-abbot-anr-n.webp,"https://img1.wsimg.com/isteam/ip/51c0a57e-b256-4ce3-b245-dc640386a726/THE%20GREEN%20ROOM_L%26LL_%20IMG-c98e3ee.jpg/:/cr=t:0%25,l:0%25,w:100%25,h:100%25/rs=w:1280,h:960","Curated local candidate. Check venue suitability, availability and image rights before setting publish=1."
newton-abbot,Newton Abbot,1,3,Dartington Hall,https://www.dartington.org/weddings-events/weddings,A historic estate venue between Totnes and Newton Abbot.,assets/img/locations/venues/newton-abbot-dartington-hall.webp,https://dartington-estate.transforms.svdcdn.com/production/images/Cinema/MYoung-rm.jpg?w=1200&h=800&fm=webp&auto=compress&fit=crop&dm=1776954629&s=5f597d264dfdf6818647c98c77fb4810,"Curated local candidate. Check venue suitability, availability and image rights before setting publish=1."
barnstaple,Barnstaple,1,1,Ash Barton Estate,https://www.ashbarton.com/,A North Devon estate venue close to Barnstaple and Braunton.,assets/img/locations/venues/ash-barton-estate.webp,https://www.ashbarton.com/media/3589/7r305051.jpg?anchor=center&mode=crop&width=800&height=500&rnd=132804128630000000,"Curated local candidate. Check venue suitability, availability and image rights before setting publish=1."
barnstaple,Barnstaple,1,2,Tawstock Court,https://www.tawstockcourt.co.uk/weddings/,A country-house venue close to Barnstaple.,assets/img/locations/venues/tawstock-court.webp,https://tawstockcourt.co.uk/wp-content/uploads/2025/12/zdone-Amber-Jordan-Wedding-568JW.jpg,"Curated local candidate. Check venue suitability, availability and image rights before setting publish=1."
barnstaple,Barnstaple,1,3,Tunnels Beaches,https://www.tunnelsbeaches.co.uk/weddings.html,A coastal North Devon wedding venue near Ilfracombe.,assets/img/locations/venues/barnstaple-tunnels-beaches.webp,https://www.tunnelsbeaches.co.uk/i_weddings_venuetext.jpg,"Curated local candidate. Check venue suitability, availability and image rights before setting publish=1."
exmouth,Exmouth,1,3,Rockbeare Manor,https://www.rockbearemanor.co.uk/weddings/,A manor-house venue within reach of Exmouth and Exeter.,assets/img/locations/venues/rockbeare-manor.webp,https://lirp.cdn-website.com/9834031d/dms3rep/multi/opt/Wedding+venue+in+Devon+Rockbeare+Manor+%2814%29-640w.jpg,"Curated local candidate. Check venue suitability, availability and image rights before setting publish=1."
exmouth,Exmouth,1,2,Deer Park Country House,https://www.deerparkcountryhotel.co.uk/weddings/,A country-house venue serving East Devon weddings.,assets/img/locations/venues/deer-park-country-house.webp,https://images.squarespace-cdn.com/content/v1/5d401ac0c2cec00001275301/1565874510348-W7AT3KAQJ4YM8Q8OA9PN/Deer+Park+Gardens-128.jpg,"Curated local candidate. Check venue suitability, availability and image rights before setting publish=1."
exmouth,Exmouth,1,1,Higher Holcombe ,https://higherholcombe.co.uk/,"A local venue option for weddings, parties and private events in Exmouth: Higher Holcombe.",assets/img/locations/venues/higher-holcombe.webp,https://higherholcombe.co.uk/wp-content/uploads/2025/05/RusticBarnWeddingVenueAndreaKuehnisPhotography.jpg.webp,"Curated local candidate. Check venue suitability, availability and image rights before setting publish=1."
tiverton,Tiverton,1,1,Huntsham Court,https://www.huntshamcourt.co.uk/weddings/,A large country-house venue close to Tiverton.,assets/img/locations/venues/tiverton-huntsham-court.webp,not found,"Curated local candidate. Check venue suitability, availability and image rights before setting publish=1."
tiverton,Tiverton,1,2,Upton Barn and Walled Garden,https://www.uptonbarn.com/,A countryside wedding venue near Cullompton and Tiverton.,assets/img/locations/venues/upton-barn-and-walled-garden.webp,https://www.uptonbarn.com/wp-content/uploads/2021/07/Upton-Barn-Walled-Garden-Real-Weddings-Image-by-Joshua-Gooding-Photography.jpg,"Curated local candidate. Check venue suitability, availability and image rights before setting publish=1."
tiverton,Tiverton,1,3,Bickleigh Castle,https://www.bickleighcastle.com/weddings/,A castle-style venue near Tiverton with riverside grounds.,assets/img/locations/venues/tiverton-bickleigh-castle.webp,not found,"Curated local candidate. Check venue suitability, availability and image rights before setting publish=1."
dartmouth,Dartmouth,1,1,The Guildhall,https://www.dartmouthtowncouncil.gov.uk/council-services/weddings/,A riverside Dartmouth venue with views over the River Dart.,assets/img/locations/venues/dartmouth-the-guildhall.webp,https://www.dartmouthtowncouncil.gov.uk/wp-content/uploads/sites/115/2025/09/20250621-_DSC1843-1-e1761058934622-900x1054.jpg,"Curated local candidate. Check venue suitability, availability and image rights before setting publish=1."
dartmouth,Dartmouth,1,2,Stoke Lodge Hotel,https://stokelodgehotel.co.uk/events-weddings-exclusive-use/,A nearby South Hams coastal venue from the homepage list.,assets/img/locations/venues/stoke-lodge-hotel.webp,https://stokelodgehotel.co.uk/wp-content/uploads/2026/01/004_Jess_Andy_Salty_Rose_Weddings-4352_low_res-600x400.jpg,"Curated local candidate. Check venue suitability, availability and image rights before setting publish=1."
dartmouth,Dartmouth,1,3,The Sail Loft,https://www.sailloftdartmouth.co.uk/dartmouth-private-hire-events-venue.html,A South Devon estate venue between Totnes and the coast.,assets/img/locations/venues/the-sail-loft.webp,https://www.sailloftdartmouth.co.uk/uploads/1/0/7/7/10776260/background-images/984054186.jpg,"Curated local candidate. Check venue suitability, availability and image rights before setting publish=1."
totnes,Totnes,1,1,Kingston Estate,https://www.kingston-estate.co.uk/weddings/,A large South Devon country-house venue close to Totnes.,assets/img/locations/venues/kingston-estate.webp,https://kingston-estate.co.uk/app/uploads/2024/09/Fiona-Giles-Wedding-Kingston-Estate-Sneak-Peek-Chloe-Winstanley-Photography-100-1.jpg,"Curated local candidate. Check venue suitability, availability and image rights before setting publish=1."
totnes,Totnes,1,2,Dartington Hall,https://www.dartington.org/weddings-events/weddings,A historic estate venue just outside Totnes.,assets/img/locations/venues/totnes-dartington-hall.webp,https://dartington-estate.transforms.svdcdn.com/production/images/Wedding/64396.jpg?w=2200&h=1800&fm=webp&auto=compress&fit=clip&dm=1771604796&s=73b4b9948ebf13eed3b5e364a908c4ed,"Curated local candidate. Check venue suitability, availability and image rights before setting publish=1."
totnes,Totnes,1,3,Holsome Park,https://www.holsomepark.co.uk/weddings/,A countryside barn wedding venue near Totnes.,assets/img/locations/venues/totnes-holsome-park.webp,https://holsomepark.co.uk/wp-content/uploads/2026/01/559025966_1396780049121875_5110710241389914473_n.jpg,"Curated local candidate. Check venue suitability, availability and image rights before setting publish=1."
truro,Truro,1,1,The Alverton,https://thealverton.co.uk/the-venue/the-space/hotel-weddings-in-cornwall-the-alverton/,A historic Truro hotel venue with gardens and city access.,assets/img/locations/venues/truro-the-alverton.webp,https://thealverton.co.uk/content/uploads/2024/11/251A4856-600x800.jpg,"Curated local candidate. Check venue suitability, availability and image rights before setting publish=1."
truro,Truro,1,2,Nancarrow Farm,https://www.nancarrowfarm.co.uk/weddings/,A farm and barn wedding venue near Truro.,assets/img/locations/venues/nancarrow-farm.webp,https://www.nancarrowfarm.co.uk/wp-content/uploads/2024/02/Alice-Adam-Full-Res-288-copy-e1710260516459.jpg,"Curated local candidate. Check venue suitability, availability and image rights before setting publish=1."
truro,Truro,1,3,Scorrier House,https://www.scorrierhouse.co.uk/weddings/wedding-overview/,A country-house venue between Truro and Redruth.,assets/img/locations/venues/scorrier-house.webp,https://www.scorrierhouse.co.uk/wp-content/uploads/2023/03/8T2A3413_websize-2.jpg,"Curated local candidate. Check venue suitability, availability and image rights before setting publish=1."
newquay,Newquay,1,1,The Headland Hotel,https://www.headlandhotel.co.uk/events/weddings/,A landmark Newquay hotel overlooking Fistral Beach.,assets/img/locations/venues/the-headland-hotel.webp,https://www.headlandhotel.co.uk/media/qoelpm3g/calm-sunset-vibes-exterior-8.jpg?quality=70,"Curated local candidate. Check venue suitability, availability and image rights before setting publish=1."
newquay,Newquay,1,2,Lusty Glaze,https://www.lustyglaze.co.uk/weddings/,A beach wedding venue in Newquay.,assets/img/locations/venues/lusty-glaze.webp,https://www.lustyglaze.co.uk/wp-content/uploads/2024/04/sj_wedding_lustyglaze_web_col_109-portrait.jpg,"Curated local candidate. Check venue suitability, availability and image rights before setting publish=1."
newquay,Newquay,1,3,Nancarrow Farm,https://www.nancarrowfarm.co.uk/weddings/,A countryside wedding venue within reach of Newquay and Truro.,assets/img/locations/venues/nancarrow-farm.webp,https://www.nancarrowfarm.co.uk/wp-content/uploads/2024/02/Alice-Adam-Full-Res-288-copy-e1710260516459.jpg,"Curated local candidate. Check venue suitability, availability and image rights before setting publish=1."
falmouth,Falmouth,1,1,The Greenbank Hotel,https://greenbank-hotel.co.uk/weddings/,A waterfront hotel venue overlooking Falmouth harbour.,assets/img/locations/venues/the-greenbank-hotel.webp,https://greenbank-hotel.co.uk/content/uploads/2011/02/The-Greenbank-Hotel-Falmouth-Jobs-6-1024x731.png,"Curated local candidate. Check venue suitability, availability and image rights before setting publish=1."
falmouth,Falmouth,1,2,St Michaels Resort,https://stmichaelsresort.com/celebrations/weddings,A beachside Falmouth resort venue.,assets/img/locations/venues/falmouth-st-michaels-resort.webp,https://stmichaelsresort.com/uploads/PageSection/20230629143635.jpeg,"Curated local candidate. Check venue suitability, availability and image rights before setting publish=1."
falmouth,Falmouth,1,3,Pendennis Castle,http://www.pendenniscastle.co.uk/weddings.html,A historic coastal venue on the Falmouth headland.,assets/img/locations/venues/falmouth-pendennis-castle.webp,not found,"Curated local candidate. Check venue suitability, availability and image rights before setting publish=1."
st-ives,St Ives,1,1,Harbour Hotel St Ives,https://www.harbourhotels.co.uk/our-hotels/cornwall/harbour-hotel-st-ives,"A local venue option for weddings, parties and private events in St Ives: Harbour Hotel St Ives.",assets/img/locations/venues/harbour-hotel-st-ives.webp,https://www.telegraph.co.uk/content/dam/Travel/hotels/2025/january/harbour-hotel-st-ives-cornwall-2-p-thumbnail.jpg,"CSV candidate. Check venue suitability, availability and image rights before setting publish=1."
st-ives,St Ives,1,2,Treganna Castle,https://tregenna-castle.co.uk/weddings/,"An unbeatable location overlooking St Ives Bay, 72-acres of grounds to celebrate in, and an experienced team to make it all happen.",assets/img/locations/venues/treganna-castle.webp,https://hotelcms-production.imgix.net/tregenna-castle.co.uk/wp-content/uploads/2021/05/HAY-488.jpg?auto=format%2Ccompress&ch=DPR%2CWidth&crop=faces%2Cedges&fit=crop&h=580&ixjsv=2.2.4&strip=all&w=610,"CSV candidate. Check venue suitability, availability and image rights before setting publish=1."
st-ives,St Ives,1,3,St Ives Chappel,https://www.stiveschapelweddings.com/,,assets/img/locations/venues/st-ives-chappel.webp,"https://static.wixstatic.com/media/59c0f2_0f22ea9db3aa494bbaf5557f2abd127f~mv2.jpg/v1/fill/w_1252,h_800,fp_0.50_0.50,q_85,usm_0.66_1.00_0.01,enc_avif,quality_auto/59c0f2_0f22ea9db3aa494bbaf5557f2abd127f~mv2.jpg","Curated local candidate. Check venue suitability, availability and image rights before setting publish=1."
penzance,Penzance,1,1,Trereife House,https://trereife.co.uk/marquee-weddings-cornwall/,A historic country-house venue close to Penzance.,assets/img/locations/venues/trereife-house.webp,https://trereife.co.uk/wp-content/uploads/2019/12/weddings_in_cornwall_EmmaJames247.jpg,"Curated local candidate. Check venue suitability, availability and image rights before setting publish=1."
penzance,Penzance,1,2,Tremenheere Sculpture Gardens,https://www.tremenheere.co.uk/wedding-venue-cornwall/,A garden venue between Penzance and Marazion.,assets/img/locations/venues/penzance-tremenheere-sculpture-gardens.webp,https://www.tremenheere.co.uk/wp-content/uploads/2024/12/Outdoor-Wedding-Venue-in-Cornwall-e1733746993396.jpg,"Curated local candidate. Check venue suitability, availability and image rights before setting publish=1."
penzance,Penzance,1,3,The Cornish Place,https://www.thecornishplace.com/weddings,"A coastal venue overlooking St Michael's Mount, close to Penzance.",assets/img/locations/venues/penzance-the-cornish-place.webp,https://images.squarespace-cdn.com/content/v1/62e8db8873fd090247f1fcbf/1712761196201-5WZ0W9UZB08IQCTECZ4T/245D7E1A-2547-49C4-9AF5-ACBEC248DDDB.jpg?format=500w,"Curated local candidate. Check venue suitability, availability and image rights before setting publish=1."
st-austell,St Austell,1,1,Eden Project,https://www.edenproject.com/venue-hire/a-unique-wedding-venue-in-cornwall,A distinctive venue near St Austell with iconic biome backdrops.,assets/img/locations/venues/st-austell-eden-project.webp,https://www.edenproject.com/sites/default/files/styles/12_11_media_medium/public/2021-06/wedding-couple-biomes.png?h=2697d7fc&itok=NvQ21CFW,"Curated local candidate. Check venue suitability, availability and image rights before setting publish=1."
st-austell,St Austell,1,2,Knightor Winery,https://www.knightor.com/weddings.html,A vineyard wedding venue near St Austell.,assets/img/locations/venues/st-austell-knightor-winery.webp,https://www.knightor.com/uploads/4/7/7/8/47780703/15-11-23-knightor-winery-photoshoot-katiegoffphotography-137-1_orig.jpg,"Curated local candidate. Check venue suitability, availability and image rights before setting publish=1."
st-austell,St Austell,1,3,Carlyon Bay Hotel,https://www.carlyonbay.com/weddings/,A coastal hotel venue close to St Austell.,assets/img/locations/venues/carlyon-bay-hotel.webp,https://carlyonbay.com/sites/default/files/2024-03/an217.jpg,"Curated local candidate. Check venue suitability, availability and image rights before setting publish=1."
bodmin,Bodmin,1,1,Boconnoc,https://boconnoc.com/weddings-cornwall/,A private estate venue between Bodmin and Liskeard.,assets/img/locations/venues/boconnoc.webp,https://boconnoc.com/wp-content/uploads/2023/07/Boconnoc-14-59-35-1L1A3458-DT.jpg,"Curated local candidate. Check venue suitability, availability and image rights before setting publish=1."
bodmin,Bodmin,1,2,Trevenna,https://www.trevenna.co.uk/weddings/,A countryside barn venue on Bodmin Moor.,assets/img/locations/venues/trevenna.webp,http://www.trevenna.co.uk/cdn/shop/files/1ArbourLawnLauraBuffery_fb43e13d-847b-4167-9c6a-fd1e421cfa92.jpg?v=1737107355,"Curated local candidate. Check venue suitability, availability and image rights before setting publish=1."
bodmin,Bodmin,1,3,Lanhydrock Hotel,https://www.lanhydrockhotel.com/weddings/,A Bodmin-area hotel venue with countryside surroundings.,assets/img/locations/venues/lanhydrock-hotel.webp,https://www.lanhydrockhotel.com/wp-content/uploads/2025/03/wedding-buggy.webp,"Curated local candidate. Check venue suitability, availability and image rights before setting publish=1."
bodmin,Bodmin,1,4,Boconnion,https://www.boconnion.co.uk/,,assets/img/locations/venues/boconnionl.webp,https://images.squarespace-cdn.com/content/v1/5f9aaeea97a14a30bbdc4b4b/1761733242242-MJAXR7W0P4PV67Q69NNS/AE-%25252BWedding-1840%25252B%252525282%25252529.jpg?format=750w,
camborne,Camborne,1,1,Roswarne House,https://www.roswarne.co.uk/weddings,A Camborne historic house venue from the homepage list.,assets/img/locations/venues/roswarne-house.webp,"https://static.wixstatic.com/media/3d3f9f_a20f9a164e5148e6bad4dae3e2c8fdbf~mv2.jpg/v1/fill/w_500,h_500,al_c/3d3f9f_a20f9a164e5148e6bad4dae3e2c8fdbf~mv2.jpg","Curated local candidate. Check venue suitability, availability and image rights before setting publish=1."
camborne,Camborne,1,2,Tyacks Hotel,https://tyackshotel.co.uk/weddings2,A coastal resort venue near Camborne and Portreath.,assets/img/locations/venues/camborne-tyacks-hotel.webp,,"Curated local candidate. Check venue suitability, availability and image rights before setting publish=1."
camborne,Camborne,1,3,Stennack Farm,https://www.stennackfarm.com/,A larger coastal venue within reach of Camborne.,assets/img/locations/venues/stennack-farm.webp,https://www.stennackfarm.com/wp-content/uploads/2024/03/Tim-Rachel-feature-scaled.jpg,"Curated local candidate. Check venue suitability, availability and image rights before setting publish=1."
redruth,Redruth,1,1,Scorrier House,https://www.scorrierhouse.co.uk/weddings/,A country-house venue close to Redruth.,assets/img/locations/venues/scorrier-house.webp,https://www.scorrierhouse.co.uk/wp-content/uploads/2017/05/engineroom-credit.png,"Curated local candidate. Check venue suitability, availability and image rights before setting publish=1."
redruth,Redruth,1,2,Roswarne House,https://www.roswarne.co.uk/weddings,A nearby Camborne venue from the homepage list.,assets/img/locations/venues/roswarne-house.webp,"https://static.wixstatic.com/media/3d3f9f_a20f9a164e5148e6bad4dae3e2c8fdbf~mv2.jpg/v1/fill/w_500,h_500,al_c/3d3f9f_a20f9a164e5148e6bad4dae3e2c8fdbf~mv2.jpg","Curated local candidate. Check venue suitability, availability and image rights before setting publish=1."
redruth,Redruth,1,3,The Barn at Pengelly,https://www.pengellyweddings.com/,A barn venue within reach of Redruth and Truro.,assets/img/locations/venues/redruth-the-barn-at-pengelly.webp,https://cdn.sanity.io/images/v6mmjf9i/production/d9a6f6038c3d41b72e7019eb360611db83ecc7e8-1600x1065.jpg?auto=format&fit=max&w=640,"Curated local candidate. Check venue suitability, availability and image rights before setting publish=1."
launceston,Launceston,1,1,Launcells Barton,https://www.launcellsbarton.co.uk/weddings/,A North Cornwall barn venue within reach of Launceston.,assets/img/locations/venues/launcells-barton.webp,not found,"Curated local candidate. Check venue suitability, availability and image rights before setting publish=1."
launceston,Launceston,1,2,Trevenna,https://www.trevenna.co.uk/weddings/,A Bodmin Moor barn venue accessible from Launceston.,assets/img/locations/venues/trevenna.webp,http://www.trevenna.co.uk/cdn/shop/files/1ArbourLawnLauraBuffery_fb43e13d-847b-4167-9c6a-fd1e421cfa92.jpg?v=1737107355,"Curated local candidate. Check venue suitability, availability and image rights before setting publish=1."
launceston,Launceston,1,3,Boconnoc,https://boconnoc.com/weddings-cornwall/,A private estate venue within wider East Cornwall.,assets/img/locations/venues/boconnoc.webp,https://boconnoc.com/wp-content/uploads/2023/07/Boconnoc-14-59-35-1L1A3458-DT.jpg,"Curated local candidate. Check venue suitability, availability and image rights before setting publish=1."
liskeard,Liskeard,1,1,Boconnoc,https://boconnoc.com/weddings-cornwall/,A private estate venue close to Liskeard and Lostwithiel.,assets/img/locations/venues/boconnoc.webp,https://boconnoc.com/wp-content/uploads/2023/07/Boconnoc-14-59-35-1L1A3458-DT.jpg,"Curated local candidate. Check venue suitability, availability and image rights before setting publish=1."
liskeard,Liskeard,1,2,The Green Cornwall,https://www.thegreencornwall.co.uk/weddings/,A countryside venue near Liskeard.,assets/img/locations/venues/the-green-cornwall.webp,https://thegreencornwall.co.uk/wp-content/uploads/2024/09/july-wedding237-300x200.jpeg,"Curated local candidate. Check venue suitability, availability and image rights before setting publish=1."
liskeard,Liskeard,1,3,Blackwater Farm,https://www.blackwaterfarmcornwall.co.uk/weddings/packages,A coastal South East Cornwall venue from the homepage list.,assets/img/locations/venues/blackwater-farm.webp,https://cdn.prod.website-files.com/5fa304049cb9441b082999a2/64be307a2f524e87588b3aa3_Lily%20%26%20Elliott%20-%20Sunflowers%20%26%20Donkeys%20Bright%20kb.jpg,"Curated local candidate. Check venue suitability, availability and image rights before setting publish=1."
taunton,Taunton,1,1,Hestercombe Gardens,https://www.hestercombe.com/wedding-venue-somerset,A garden and country-house venue near Taunton.,assets/img/locations/venues/taunton-hestercombe-gardens.webp,https://hestercombe.b-cdn.net/uploads/images/Weddings/_1080xAUTO_fit_center-center_none/Wedding%20Event%2001%20-%2010.jpg,"Curated local candidate. Check venue suitability, availability and image rights before setting publish=1."
taunton,Taunton,1,2,Crowcombe Court,https://www.crowcombecourt.co.uk/weddings/,A Quantock Hills country-house venue close to Taunton.,assets/img/locations/venues/crowcombe-court.webp,https://www.crowcombecourt.co.uk/wp-content/uploads/2019/09/Crowcombe_Court.jpg,"Curated local candidate. Check venue suitability, availability and image rights before setting publish=1."
taunton,Taunton,1,3,Quantock Lakes,https://www.quantocklakes.com/wedding-venue-in-somerset-at-quantock-lakes,A barn and lakeside venue near Bridgwater and Taunton.,assets/img/locations/venues/taunton-quantock-lakes.webp,https://images.squarespace-cdn.com/content/v1/567877cc1115e07a071b1d22/1717505371286-386LP00KEMIFD5H952CJ/Hannah+and+Tom-5095.jpg?format=750w,"Curated local candidate. Check venue suitability, availability and image rights before setting publish=1."
yeovil,Yeovil,1,1,Brympton House,https://www.brymptonhouse.co.uk/weddings/,A country-house venue close to Yeovil and from the homepage list.,assets/img/locations/venues/somerset-brympton-house.webp,not found,"Curated local candidate. Check venue suitability, availability and image rights before setting publish=1."
yeovil,Yeovil,1,2,Haselbury Mill,https://www.haselburymill.co.uk/weddings/,A mill venue near Crewkerne and Yeovil.,assets/img/locations/venues/haselbury-mill.webp,https://images.squarespace-cdn.com/content/v1/6821074c91862156ef8ab3de/d97bc8f6-29dd-4085-9574-58b40fe134c8/haselbury-mill-wedding-venue-victoria-welton-photography-042.jpg?format=2500w,"Curated local candidate. Check venue suitability, availability and image rights before setting publish=1."
yeovil,Yeovil,1,3,The Grange at Oborne,https://thegrange.co.uk/weddings/,A country-house hotel close to Sherborne and Yeovil.,assets/img/locations/venues/yeovil-the-grange-at-oborne.webp,https://i0.wp.com/thegrange.co.uk/wp-content/uploads/2024/09/Noemie-and-Sophie-3.jpg?resize=341%2C192&ssl=1,"Curated local candidate. Check venue suitability, availability and image rights before setting publish=1."
weston-super-mare,Weston-super-Mare,1,1,Batch Country House,https://www.batchcountryhouse.co.uk/weddings/,A country-house venue near Weston-super-Mare.,assets/img/locations/venues/batch-country-house.webp,https://static.wixstatic.com/media/88aac0_e50663d8ad214060abb2dfbf9e8a3635~mv2.png,"Curated local candidate. Check venue suitability, availability and image rights before setting publish=1."
weston-super-mare,Weston-super-Mare,1,2,Clevedon Hall,https://www.clevedonhall.co.uk/weddings/,A North Somerset mansion venue within reach of Weston-super-Mare.,assets/img/locations/venues/clevedon-hall.webp,https://cdn.prod.website-files.com/66c5b26727a6ff186a3e29e4/67b7761cbe749d8b8fe0f801_493%20(1).webp,"Curated local candidate. Check venue suitability, availability and image rights before setting publish=1."
weston-super-mare,Weston-super-Mare,1,3,Webbington Hotel and Spa,https://www.webbingtonhotelandspa.co.uk/weddings/,A hotel venue near Axbridge and Weston-super-Mare.,assets/img/locations/venues/webbington-hotel-and-spa.webp,https://www.webbingtonhotelandspa.co.uk/wp-content/uploads/2025/04/Webbington-Wedding-Photographer-GMF51-scaled.jpg,"Curated local candidate. Check venue suitability, availability and image rights before setting publish=1."
bridgwater,Bridgwater,1,1,Quantock Lakes,https://www.quantocklakes.com/weddings/,A lakeside barn venue close to Bridgwater.,assets/img/locations/venues/taunton-quantock-lakes.webp,not found,"Curated local candidate. Check venue suitability, availability and image rights before setting publish=1."
bridgwater,Bridgwater,1,2,Maunsel House,https://maunselhouse.weebly.com/weddings.html,A country-house venue near Bridgwater and Taunton.,assets/img/locations/venues/bridgwater-maunsel-house.webp,https://maunselhouse.weebly.com/uploads/1/4/5/0/14505174/header_images/1352113285.jpg,"Curated local candidate. Check venue suitability, availability and image rights before setting publish=1."
bridgwater,Bridgwater,1,3,Crowcombe Court,https://www.crowcombecourt.co.uk/weddings/,A Quantock Hills venue within reach of Bridgwater.,assets/img/locations/venues/crowcombe-court.webp,https://www.crowcombecourt.co.uk/wp-content/uploads/2019/09/Crowcombe_Court.jpg,"Curated local candidate. Check venue suitability, availability and image rights before setting publish=1."
bournemouth,Bournemouth,1,1,Highcliffe Castle,https://www.highcliffecastle.co.uk/weddingshcc,A clifftop castle venue close to Bournemouth and Christchurch.,assets/img/locations/venues/highcliffe-castle.webp,https://www.highcliffecastle.co.uk/image-library/pic1.x3d389611.jpg,"Curated local candidate. Check venue suitability, availability and image rights before setting publish=1."
bournemouth,Bournemouth,1,2,The Green House Hotel,https://www.thegreenhousehotel.co.uk/weddings/,A boutique Bournemouth hotel venue.,assets/img/locations/venues/the-green-house-hotel.webp,https://thegreenhousehotel.co.uk/wp-content/uploads/2024/03/Plain-Chiavari-Chairs-scaled.jpg,"Curated local candidate. Check venue suitability, availability and image rights before setting publish=1."
bournemouth,Bournemouth,1,3,Hotel Miramar,https://www.miramar-bournemouth.com/weddings/,A Bournemouth hotel venue with sea views.,assets/img/locations/venues/hotel-miramar.webp,https://media.guestnet.co.uk/media/miramar-bournemouth/storage/uploads/variants/39/3pid7rv3nx.webp,"Curated local candidate. Check venue suitability, availability and image rights before setting publish=1."
poole,Poole,1,1,The Italian Villa,https://www.theitalianvilla.co.uk/wedding-venue-dorset,A Poole venue set within Compton Acres gardens.,assets/img/locations/venues/dorset-the-italian-villa.webp,not found,"Curated local candidate. Check venue suitability, availability and image rights before setting publish=1."
poole,Poole,1,2,Hotel du Vin Poole,https://www.hotelduvin.com/locations/poole/weddings/,A characterful Poole hotel venue.,assets/img/locations/venues/hotel-du-vin-poole.webp,https://www.hotelduvin.com/media/0psfxcmc/hdv-poole-weddings-2.jpg?width=1440&height=720&format=webp&v=1da319bfa903e60,"Curated local candidate. Check venue suitability, availability and image rights before setting publish=1."
poole,Poole,1,3,Harbour Heights Hotel,https://www.fjbhotels.co.uk/harbour-heights-hotel/,A Poole Harbour hotel venue with views.,assets/img/locations/venues/poole-harbour-heights-hotel.webp,https://www.fjbhotels.co.uk/media/images/harbour-heights/home/restaurant_img_2_v2.jpg,"Curated local candidate. Check venue suitability, availability and image rights before setting publish=1."
dorchester,Dorchester,1,1,Kingston Maurward,https://www.coastland.ac.uk/public-facilities/kingston-maurward-campus/weddings/,A Dorchester country-estate venue.,assets/img/locations/venues/kingston-maurward.webp,https://www.coastland.ac.uk/app/uploads/2025/12/483ca983a271389e149a71b768ee5fe1bc424967.jpg,"Curated local candidate. Check venue suitability, availability and image rights before setting publish=1."
dorchester,Dorchester,1,2,Minterne House,https://minterne.co.uk/,A historic house and garden venue near Dorchester.,assets/img/locations/venues/dorchester-minterne-house.webp,https://minterne.co.uk/wp-content/uploads/2021/07/Plinth-2.jpg,"Curated local candidate. Check venue suitability, availability and image rights before setting publish=1."
dorchester,Dorchester,1,3,Mapperton House,https://mapperton.com/weddings/,A Dorset country-house venue from the homepage list.,assets/img/locations/venues/mapperton-house.webp,https://mapperton.com/wp-content/uploads/2022/03/the-gardens-mapperton-dorset-wedding-venue-photo-by-paul-underhill-photography.jpg,"Curated local candidate. Check venue suitability, availability and image rights before setting publish=1."
weymouth,Weymouth,1,1,Pennsylvania Castle,https://www.thepennestate.co.uk/weddings/,"A castle venue on Portland, close to Weymouth.",assets/img/locations/venues/weymouth-pennsylvania-castle.webp,https://www.thepennestate.co.uk/wp-content/uploads/2023/05/venue-settings.jpg,"Curated local candidate. Check venue suitability, availability and image rights before setting publish=1."
weymouth,Weymouth,1,2,Nothe Fort,https://nothefort.org.uk/venue-hire/weddings/,A distinctive Weymouth fort venue.,assets/img/locations/venues/nothe-fort.webp,https://nothefort.org.uk/wp-content/uploads/2026/02/3-scaled.jpg,"Curated local candidate. Check venue suitability, availability and image rights before setting publish=1."
weymouth,Weymouth,1,3,Moonfleet Manor,https://luxuryfamilyhotels.co.uk/locations/moonfleet-manor/weddings/,A coastal hotel venue near Weymouth.,assets/img/locations/venues/moonfleet-manor.webp,https://luxuryfamilyhotels.co.uk/wp-content/uploads/2024/04/Moonfleet-Manor-Summer-Dining.jpg?&,"Curated local candidate. Check venue suitability, availability and image rights before setting publish=1."
bridport,Bridport,1,1,Marshwood Manor,https://www.marshwoodmanor.co.uk/exclusive-use,A countryside estate venue close to Bridport.,assets/img/locations/venues/marshwood-manor.webp,"https://static.wixstatic.com/media/1cfc4e_2bf128e193eb4c778f6031df35a11f0f~mv2.jpg/v1/fill/w_600,h_600,al_c,q_80,usm_0.66_1.00_0.01,enc_avif,quality_auto/IMG-20220126-WA0007.jpg","Curated local candidate. Check venue suitability, availability and image rights before setting publish=1."
bridport,Bridport,1,2,Mapperton House,https://mapperton.com/weddings/,A country-house venue near Bridport.,assets/img/locations/venues/mapperton-house.webp,https://mapperton.com/wp-content/uploads/2022/03/the-gardens-mapperton-dorset-wedding-venue-photo-by-paul-underhill-photography.jpg,"Curated local candidate. Check venue suitability, availability and image rights before setting publish=1."
bridport,Bridport,1,3,The Tithe Barn Symondsbury,https://symondsburyestate.co.uk/weddings/,A barn wedding space on the Symondsbury Estate near Bridport.,assets/img/locations/venues/the-tithe-barn-symondsbury.webp,https://symondsburyestate.co.uk/wp-content/uploads/2025/03/hero-weddings.jpg,"Curated local candidate. Check venue suitability, availability and image rights before setting publish=1."
sherborne,Sherborne,1,1,The Grange at Oborne,https://thegrange.co.uk/weddings/,A country-house hotel close to Sherborne.,assets/img/locations/venues/yeovil-the-grange-at-oborne.webp,not found,"Curated local candidate. Check venue suitability, availability and image rights before setting publish=1."
sherborne,Sherborne,1,2,Stockbridge Farm Barn,https://www.stockbridgefarmbarn.co.uk/weddings-events,A barn wedding venue near Sherborne.,assets/img/locations/venues/sherborne-stockbridge-farm-barn.webp,"https://static.wixstatic.com/media/3b46c6_9d7cbac827294476a0a1c8f05cd65e54~mv2.jpg/v1/fill/w_427,h_286,al_c,q_80,usm_0.66_1.00_0.01,enc_avif,quality_auto/onethousandwords14-001%20(18).jpg","Curated local candidate. Check venue suitability, availability and image rights before setting publish=1."
sherborne,Sherborne,1,3,Brympton House,https://www.brymptonhouse.co.uk/weddings/,A nearby country-house venue from the homepage list.,assets/img/locations/venues/somerset-brympton-house.webp,"https://static.wixstatic.com/media/b3eb01_55377678526a4f27a7626127b86e1945~mv2.jpg/v1/fill/w_1800,h_921,al_c,q_85,enc_auto/b3eb01_55377678526a4f27a7626127b86e1945~mv2.jpg","Curated local candidate. Check venue suitability, availability and image rights before setting publish=1."
tavistock,Tavistock,1,1,Hurdwick Barn,https://hurdwickbarnevents.com/services/,"A local venue option for weddings, parties and private events in Tavistock: venue.",assets/img/locations/venues/tavistock-hurdwick-barn.webp,https://hurdwickbarnevents.com/wp-content/uploads/2025/11/lc5a9782-2.jpg?w=1440&h=1080,"CSV candidate. Check venue suitability, availability and image rights before setting publish=1."
tavistock,Tavistock,1,2,The Bedford Hotel,https://bedford-hotel.co.uk/weddings,,assets/img/locations/venues/tavistock-bedford-hotel.webp,https://cdn0.hitched.co.uk/vendor/2611/3_2/640/jpg/aileenandrobert-1_4_192611-170895971562066.webp,
tavistock,Tavistock,1,3,The Horn of Plenty,https://www.thehornofplenty.co.uk/wedding-venues-in-devon,,assets/img/locations/venues/tavistock-the-horn-of-plenty.webp,https://www.thehornofplenty.co.uk/storage/uploads/variants/469/p14-top-4.jpg,
ilfracombe,Ilfracombe,1,1,Sandy Cove,https://www.sandycove-hotel.co.uk/weddings,,assets/img/locations/venues/ilfracombe-sandy-cove.webp,https://www.sandycove-hotel.co.uk/sites/default/files/styles/485x574/public/2023-11/sch-wedding_bs-132.webp,
ilfracombe,Ilfracombe,1,2,Tunnels Beaches,https://www.tunnelsbeaches.co.uk/,,assets/img/locations/venues/barnstaple-tunnels-beaches.webp,,
ilfracombe,Ilfracombe,1,3,Watermouth Cove,https://watermouthcoveweddings.co.uk/,,assets/img/locations/venues/ilfracombe-watermouth-cove.webp,https://watermouthcoveweddings.co.uk/wp-content/uploads/2025/10/Watermouth-Cove-Devon-North-Coast-Wedding-Venue.jpg,
torpoint,Torpoint,1,1,Polhawn Fort,https://polhawnfort.com/,,assets/img/locations/venues/polhawn-fort.webp,https://static.showit.co/1200/k98gmyHGDAVZxPIm8RFySA/267855/polhawn_with_sun_on_main_face.jpg,
torpoint,Torpoint,1,2,"The Orangery, Mount Edgecumbe",https://www.theorangerymountedgcumbe.co.uk/,,assets/img/locations/venues/torpoint-edgecumbe.webp,https://www.theorangerymountedgcumbe.co.uk/wp-content/uploads/elementor/thumbs/Ruth-Peter-Wedding-220814-by-Barney-Walters_460_BW1_3853-e1523893014580-r2pozyn02x1rfkl2tlbq8yat8w1r8t8j9dvh6hf9y8.jpg,
torpoint,Torpoint,1,3,Chine Fleet Country Club,https://www.china-fleet.co.uk/weddings-venue-in-cornwall/,,assets/img/locations/venues/torpoint-china-fleet.webp,https://www.china-fleet.co.uk/app/uploads/2025/12/Screenshot-2024-01-11-at-12.53.29-scaled.png.webp,
